,Method,Featureamount,Best parameters,Re-Scaled,Accuracy,Precision 0,Precision 1,Recall 0,Recall 1,f1 score 0,f1 score 1,support 0,support 1,TNR,FPR,FNR,TPR,WSVC
0,Raw SVC,17,1,0,0.8888888888888888,0.9042889390519188,0.7529880478087649,0.9699757869249395,0.4713216957605985,0.935981308411215,0.5797546012269938,2065,401,2003,62,212,189,0.0
1,Raw SVC,17,1,0,0.8661800486618005,0.9460154241645244,0.5681381957773513,0.8910411622276029,0.7381546134663342,0.9177057356608479,0.6420824295010846,2065,401,1840,225,105,296,1.0
2,Raw SVC,17,0,0,0.8807785888077859,0.8868501529051988,0.8022598870056498,0.9830508474576272,0.3541147132169576,0.9324758842443731,0.49134948096885805,2065,401,2030,35,259,142,0.0
3,Raw SVC,10,1,0,0.8888888888888888,0.9021104625056129,0.7656903765690377,0.9728813559322034,0.456359102244389,0.9361602982292637,0.5718749999999999,2065,401,2009,56,218,183,0.0
4,Raw SVC,10,1,0,0.8665855636658556,0.949740932642487,0.5671641791044776,0.8876513317191284,0.7581047381546134,0.9176470588235295,0.6488794023479189,2065,401,1833,232,97,304,1.0
5,Raw SVC,10,0,0,0.8868613138686131,0.8968888888888888,0.7824074074074074,0.9772397094430992,0.42144638403990026,0.9353418308227114,0.5478119935170178,2065,401,2018,47,232,169,0.0
6,Raw SVC,9,1,0,0.8909164639091647,0.907811080835604,0.75,0.9680387409200969,0.4937655860349127,0.9369580501523319,0.5954887218045112,2065,401,1999,66,203,198,0.0
7,Raw SVC,9,1,0,0.8669910786699108,0.9469891919711786,0.5697896749521989,0.8910411622276029,0.743142144638404,0.9181636726546906,0.645021645021645,2065,401,1840,225,103,298,1.0
8,Raw SVC,9,0,0,0.8872668288726683,0.897287683414851,0.783410138248848,0.9772397094430992,0.4239401496259352,0.9355586462679648,0.5501618122977346,2065,401,2018,47,231,170,0.0
9,Raw SVC,8,1,0,0.8901054339010543,0.9029649595687331,0.7708333333333334,0.9733656174334141,0.4613466334164589,0.9368445583780004,0.577223088923557,2065,401,2010,55,216,185,0.0
10,Raw SVC,8,1,0,0.8669910786699108,0.9474497681607419,0.5695238095238095,0.8905569007263923,0.7456359102244389,0.9181228157763355,0.6457883369330453,2065,401,1839,226,102,299,1.0
11,Raw SVC,8,0,0,0.8872668288726683,0.8976412995104583,0.7808219178082192,0.9767554479418886,0.42643391521197005,0.9355287569573283,0.5516129032258064,2065,401,2017,48,230,171,0.0
12,Raw SVC,7,1,0,0.8909164639091647,0.9048692515779982,0.7661290322580645,0.971912832929782,0.47381546134663344,0.9371935559187486,0.5855161787365177,2065,401,2007,58,211,190,0.0
13,Raw SVC,7,1,0,0.8682076236820763,0.946611909650924,0.5733590733590733,0.8929782082324456,0.7406483790523691,0.9190132070769998,0.6463547334058759,2065,401,1844,221,104,297,1.0
14,Raw SVC,7,0,0,0.8876723438767234,0.8976868327402135,0.7844036697247706,0.9772397094430992,0.42643391521197005,0.9357755622536518,0.5525040387722133,2065,401,2018,47,230,171,0.0
15,Raw SVC,6,1,0,0.8941605839416058,0.9107468123861566,0.7592592592592593,0.9685230024213075,0.5112219451371571,0.9387467730579676,0.6110283159463488,2065,401,2000,65,196,205,0.0
16,Raw SVC,6,1,0,0.8673965936739659,0.9507261410788381,0.5687732342007435,0.8876513317191284,0.7630922693266833,0.918106686701728,0.6517571884984026,2065,401,1833,232,95,306,1.0
17,Raw SVC,6,0,0,0.8888888888888888,0.9006711409395973,0.7748917748917749,0.974818401937046,0.4463840399002494,0.9362790697674419,0.5664556962025317,2065,401,2013,52,222,179,0.0
18,Raw SVC,5,1,0,0.8929440389294404,0.910999543587403,0.7490909090909091,0.9665859564164649,0.513715710723192,0.9379699248120301,0.6094674556213018,2065,401,1996,69,195,206,0.0
19,Raw SVC,5,1,0,0.8726682887266829,0.9482846902201741,0.5847953216374269,0.8968523002421307,0.7481296758104738,0.9218516674962668,0.6564551422319475,2065,401,1852,213,101,300,1.0
20,Raw SVC,5,0,0,0.8868613138686131,0.9048050770625566,0.7346153846153847,0.9665859564164649,0.4763092269326683,0.9346757199719035,0.5779122541603631,2065,401,1996,69,210,191,0.0
21,Raw SVC,4,1,0,0.8933495539334956,0.9114155251141552,0.75,0.9665859564164649,0.516209476309227,0.9381903642773208,0.6115214180206794,2065,401,1996,69,194,207,0.0
22,Raw SVC,4,1,0,0.8698296836982968,0.9458077709611452,0.5784313725490197,0.8958837772397095,0.7356608478802993,0.920169112161154,0.6476399560922065,2065,401,1850,215,106,295,1.0
23,Raw SVC,4,0,0,0.8876723438767234,0.9078467153284672,0.7262773722627737,0.9636803874092009,0.49625935162094764,0.9349307023725628,0.5896296296296296,2065,401,1990,75,202,199,0.0
24,Raw SVC,3,1,0,0.894566098945661,0.912665752171925,0.7526881720430108,0.9665859564164649,0.5236907730673317,0.9388523047977423,0.6176470588235294,2065,401,1996,69,191,210,0.0
25,Raw SVC,3,1,0,0.8718572587185726,0.9459459459459459,0.5841584158415841,0.8983050847457628,0.7356608478802993,0.9215101838052658,0.6512141280353201,2065,401,1855,210,106,295,1.0
26,Raw SVC,3,0,0,0.8876723438767234,0.9082191780821918,0.7246376811594203,0.9631961259079903,0.49875311720698257,0.9349001175088131,0.5908419497784342,2065,401,1989,76,201,200,0.0
27,Raw SVC,2,1,0,0.889294403892944,0.9151992585727525,0.7077922077922078,0.9564164648910412,0.543640897755611,0.9353540137343122,0.614950634696756,2065,401,1975,90,183,218,0.0
28,Raw SVC,2,1,0,0.8856447688564477,0.9359413202933985,0.6413301662707839,0.9268765133171912,0.6733167082294265,0.9313868613138686,0.6569343065693432,2065,401,1914,151,131,270,1.0
29,Raw SVC,2,0,0,0.8848337388483374,0.9113163972286374,0.6943521594684385,0.9554479418886198,0.5211970074812967,0.9328605200945627,0.5954415954415955,2065,401,1973,92,192,209,0.0
30,Raw SVC,1,1,0,0.8896999188969992,0.9210897134805073,0.6913946587537092,0.949636803874092,0.5810473815461347,0.9351454458750597,0.6314363143631436,2065,401,1961,104,168,233,0.0
31,Raw SVC,1,1,0,0.8775344687753447,0.9513568868407578,0.5964912280701754,0.8997578692493947,0.7630922693266833,0.9248382279741165,0.6695842450765864,2065,401,1858,207,95,306,1.0
32,Raw SVC,1,0,0,0.8896999188969992,0.9210897134805073,0.6913946587537092,0.949636803874092,0.5810473815461347,0.9351454458750597,0.6314363143631436,2065,401,1961,104,168,233,0.0
33,Deep Autoencoder,1,0,0,0.8373884833738848,0.8373884833738848,0.0,1.0,0.0,0.9114985654380932,0.0,2065,401,2065,0,401,0,0.0
34,Deep Autoencoder,1,0,1,0.8373884833738848,0.8373884833738848,0.0,1.0,0.0,0.9114985654380932,0.0,2065,401,2065,0,401,0,0.0
35,Deep Autoencoder,1,1,1,0.8373884833738848,0.8373884833738848,0.0,1.0,0.0,0.9114985654380932,0.0,2065,401,2065,0,401,0,0.0
36,Deep Autoencoder,1,1,1,0.6180048661800487,0.8755852842809364,0.22142121524201855,0.6338983050847458,0.5361596009975063,0.7353932584269663,0.3134110787172012,2065,401,1309,756,186,215,1.0
37,Deep Autoencoder,2,0,0,0.8373884833738848,0.8373884833738848,0.0,1.0,0.0,0.9114985654380932,0.0,2065,401,2065,0,401,0,0.0
38,Deep Autoencoder,2,0,1,0.8373884833738848,0.8373884833738848,0.0,1.0,0.0,0.9114985654380932,0.0,2065,401,2065,0,401,0,0.0
39,Deep Autoencoder,2,1,1,0.8373884833738848,0.8373884833738848,0.0,1.0,0.0,0.9114985654380932,0.0,2065,401,2065,0,401,0,0.0
40,Deep Autoencoder,2,1,1,0.4894566098945661,0.8358333333333333,0.16113744075829384,0.4857142857142857,0.5087281795511222,0.614395099540582,0.24475104979004197,2065,401,1003,1062,197,204,1.0
41,Deep Autoencoder,3,0,0,0.8373884833738848,0.8373884833738848,0.0,1.0,0.0,0.9114985654380932,0.0,2065,401,2065,0,401,0,0.0
42,Deep Autoencoder,3,0,1,0.8373884833738848,0.8373884833738848,0.0,1.0,0.0,0.9114985654380932,0.0,2065,401,2065,0,401,0,0.0
43,Deep Autoencoder,3,1,1,0.8373884833738848,0.8373884833738848,0.0,1.0,0.0,0.9114985654380932,0.0,2065,401,2065,0,401,0,0.0
44,Deep Autoencoder,3,1,1,0.5555555555555556,0.9194805194805195,0.2349351639969489,0.5142857142857142,0.7680798004987531,0.6596273291925465,0.3598130841121495,2065,401,1062,1003,93,308,1.0
45,Deep Autoencoder,4,0,0,0.8373884833738848,0.8373884833738848,0.0,1.0,0.0,0.9114985654380932,0.0,2065,401,2065,0,401,0,0.0
46,Deep Autoencoder,4,0,1,0.8373884833738848,0.8373884833738848,0.0,1.0,0.0,0.9114985654380932,0.0,2065,401,2065,0,401,0,0.0
47,Deep Autoencoder,4,1,1,0.8373884833738848,0.8373884833738848,0.0,1.0,0.0,0.9114985654380932,0.0,2065,401,2065,0,401,0,0.0
48,Deep Autoencoder,4,1,1,0.6001622060016221,0.9271575613618369,0.256857855361596,0.5670702179176755,0.770573566084788,0.7037259615384616,0.385286783042394,2065,401,1171,894,92,309,1.0
49,Deep Autoencoder,5,0,0,0.8373884833738848,0.8373884833738848,0.0,1.0,0.0,0.9114985654380932,0.0,2065,401,2065,0,401,0,0.0
50,Deep Autoencoder,5,0,1,0.8373884833738848,0.8373884833738848,0.0,1.0,0.0,0.9114985654380932,0.0,2065,401,2065,0,401,0,0.0
51,Deep Autoencoder,5,1,1,0.8373884833738848,0.8373884833738848,0.0,1.0,0.0,0.9114985654380932,0.0,2065,401,2065,0,401,0,0.0
52,Deep Autoencoder,5,1,1,0.5442011354420113,0.9045571797076526,0.22256331542594013,0.5094430992736078,0.7231920199501247,0.6517967781908302,0.3403755868544601,2065,401,1052,1013,111,290,1.0
53,Deep Autoencoder,6,0,0,0.8373884833738848,0.8373884833738848,0.0,1.0,0.0,0.9114985654380932,0.0,2065,401,2065,0,401,0,0.0
54,Deep Autoencoder,6,0,1,0.8373884833738848,0.8373884833738848,0.0,1.0,0.0,0.9114985654380932,0.0,2065,401,2065,0,401,0,0.0
55,Deep Autoencoder,6,1,1,0.8398215733982157,0.8402607986960066,0.75,0.998547215496368,0.022443890274314215,0.9125912812569152,0.043583535108958835,2065,401,2062,3,392,9,0.0
56,Deep Autoencoder,6,1,1,0.6630170316301703,0.9278779472954231,0.2900390625,0.6479418886198547,0.7406483790523691,0.7630453378956373,0.41684210526315785,2065,401,1338,727,104,297,1.0
57,Deep Autoencoder,7,0,0,0.8373884833738848,0.8373884833738848,0.0,1.0,0.0,0.9114985654380932,0.0,2065,401,2065,0,401,0,0.0
58,Deep Autoencoder,7,0,1,0.8373884833738848,0.8373884833738848,0.0,1.0,0.0,0.9114985654380932,0.0,2065,401,2065,0,401,0,0.0
59,Deep Autoencoder,7,1,1,0.8454987834549879,0.8473597359735974,0.7380952380952381,0.9946731234866828,0.0773067331670823,0.9151258632212075,0.13995485327313772,2065,401,2054,11,370,31,0.0
60,Deep Autoencoder,7,1,1,0.7060016220600163,0.9311454311454311,0.3223684210526316,0.700726392251816,0.7331670822942643,0.7996684166896934,0.44782939832444785,2065,401,1447,618,107,294,1.0
61,Deep Autoencoder,8,0,0,0.8373884833738848,0.8373884833738848,0.0,1.0,0.0,0.9114985654380932,0.0,2065,401,2065,0,401,0,0.0
62,Deep Autoencoder,8,0,1,0.8373884833738848,0.8373884833738848,0.0,1.0,0.0,0.9114985654380932,0.0,2065,401,2065,0,401,0,0.0
63,Deep Autoencoder,8,1,1,0.8394160583941606,0.8396418396418397,0.7777777777777778,0.9990314769975787,0.017456359102244388,0.9124281291463955,0.03414634146341463,2065,401,2063,2,394,7,0.0
64,Deep Autoencoder,8,1,1,0.6354420113544201,0.9158345221112696,0.26597744360902253,0.6217917675544794,0.7057356608478803,0.7406980098067493,0.38634812286689413,2065,401,1284,781,118,283,1.0
65,Deep Autoencoder,9,0,0,0.8373884833738848,0.8373884833738848,0.0,1.0,0.0,0.9114985654380932,0.0,2065,401,2065,0,401,0,0.0
66,Deep Autoencoder,9,0,1,0.8373884833738848,0.8373884833738848,0.0,1.0,0.0,0.9114985654380932,0.0,2065,401,2065,0,401,0,0.0
67,Deep Autoencoder,9,1,1,0.8386050283860503,0.8395112016293279,0.6363636363636364,0.9980629539951574,0.017456359102244388,0.9119469026548672,0.03398058252427184,2065,401,2061,4,394,7,0.0
68,Deep Autoencoder,9,1,1,0.6763990267639902,0.9464411557434813,0.3104106972301815,0.650363196125908,0.8104738154613467,0.7709529276693456,0.44889502762430944,2065,401,1343,722,76,325,1.0
69,Deep Autoencoder,10,0,0,0.8373884833738848,0.8373884833738848,0.0,1.0,0.0,0.9114985654380932,0.0,2065,401,2065,0,401,0,0.0
70,Deep Autoencoder,10,0,1,0.8373884833738848,0.8373884833738848,0.0,1.0,0.0,0.9114985654380932,0.0,2065,401,2065,0,401,0,0.0
71,Deep Autoencoder,10,1,1,0.8402270884022709,0.8411596570028583,0.7058823529411765,0.9975786924939467,0.029925187032418952,0.9127159946832077,0.057416267942583726,2065,401,2060,5,389,12,0.0
72,Deep Autoencoder,10,1,1,0.635036496350365,0.9324424647364514,0.2770330652368186,0.6082324455205811,0.773067331670823,0.7362250879249707,0.4078947368421053,2065,401,1256,809,91,310,1.0
73,Sparse Autoencoder,1,0,0,0.8406326034063261,0.8406682966585167,0.8333333333333334,0.9990314769975787,0.02493765586034913,0.9130338570480194,0.048426150121065374,2065,401,2063,2,391,10,0.0
74,Sparse Autoencoder,1,0,1,0.8406326034063261,0.8406682966585167,0.8333333333333334,0.9990314769975787,0.02493765586034913,0.9130338570480194,0.048426150121065374,2065,401,2063,2,391,10,0.0
75,Sparse Autoencoder,1,1,1,0.8406326034063261,0.8406682966585167,0.8333333333333334,0.9990314769975787,0.02493765586034913,0.9130338570480194,0.048426150121065374,2065,401,2063,2,391,10,0.0
76,Sparse Autoencoder,1,1,1,0.7201946472019465,0.8690284487385936,0.2603648424543947,0.7840193704600484,0.3915211970074813,0.8243380855397148,0.3127490039840637,2065,401,1619,446,244,157,1.0
77,Sparse Autoencoder,2,0,0,0.8369829683698297,0.8373225152129817,0.0,0.9995157384987894,0.0,0.9112582781456954,0.0,2065,401,2064,1,401,0,0.0
78,Sparse Autoencoder,2,0,1,0.8369829683698297,0.8373225152129817,0.0,0.9995157384987894,0.0,0.9112582781456954,0.0,2065,401,2064,1,401,0,0.0
79,Sparse Autoencoder,2,1,1,0.8373884833738848,0.8373884833738848,0.0,1.0,0.0,0.9114985654380932,0.0,2065,401,2065,0,401,0,0.0
80,Sparse Autoencoder,2,1,1,0.8361719383617194,0.8371904181892001,0.0,0.998547215496368,0.0,0.9107773851590106,0.0,2065,401,2062,3,401,0,1.0
81,Sparse Autoencoder,3,0,0,0.8373884833738848,0.8373884833738848,0.0,1.0,0.0,0.9114985654380932,0.0,2065,401,2065,0,401,0,0.0
82,Sparse Autoencoder,3,0,1,0.8373884833738848,0.8373884833738848,0.0,1.0,0.0,0.9114985654380932,0.0,2065,401,2065,0,401,0,0.0
83,Sparse Autoencoder,3,1,1,0.8373884833738848,0.8373884833738848,0.0,1.0,0.0,0.9114985654380932,0.0,2065,401,2065,0,401,0,0.0
84,Sparse Autoencoder,3,1,1,0.6804541768045418,0.8529574350469873,0.2054794520547945,0.7472154963680387,0.33665835411471323,0.7965926690758904,0.2551984877126654,2065,401,1543,522,266,135,1.0
85,Sparse Autoencoder,4,0,0,0.8373884833738848,0.8373884833738848,0.0,1.0,0.0,0.9114985654380932,0.0,2065,401,2065,0,401,0,0.0
86,Sparse Autoencoder,4,0,1,0.8373884833738848,0.8373884833738848,0.0,1.0,0.0,0.9114985654380932,0.0,2065,401,2065,0,401,0,0.0
87,Sparse Autoencoder,4,1,1,0.8373884833738848,0.8373884833738848,0.0,1.0,0.0,0.9114985654380932,0.0,2065,401,2065,0,401,0,0.0
88,Sparse Autoencoder,4,1,1,0.5506893755068938,0.8611320754716981,0.1901840490797546,0.5525423728813559,0.5411471321695761,0.6731563421828908,0.2814526588845655,2065,401,1141,924,184,217,1.0
89,Sparse Autoencoder,5,0,0,0.8381995133819952,0.8380681818181818,1.0,1.0,0.004987531172069825,0.9119010819165378,0.009925558312655087,2065,401,2065,0,399,2,0.0
90,Sparse Autoencoder,5,0,1,0.8381995133819952,0.8380681818181818,1.0,1.0,0.004987531172069825,0.9119010819165378,0.009925558312655087,2065,401,2065,0,399,2,0.0
91,Sparse Autoencoder,5,1,1,0.8548256285482563,0.8537090758392043,0.9056603773584906,0.9975786924939467,0.11970074812967581,0.9200535953550693,0.21145374449339205,2065,401,2060,5,353,48,0.0
92,Sparse Autoencoder,5,1,1,0.6873479318734793,0.9110546378653113,0.29260089686098656,0.6944309927360774,0.6508728179551122,0.7881286067600989,0.4037122969837587,2065,401,1434,631,140,261,1.0
93,Sparse Autoencoder,6,0,0,0.8373884833738848,0.8373884833738848,0.0,1.0,0.0,0.9114985654380932,0.0,2065,401,2065,0,401,0,0.0
94,Sparse Autoencoder,6,0,1,0.8373884833738848,0.8373884833738848,0.0,1.0,0.0,0.9114985654380932,0.0,2065,401,2065,0,401,0,0.0
95,Sparse Autoencoder,6,1,1,0.8467153284671532,0.8464065708418891,0.8709677419354839,0.9980629539951574,0.06733167082294264,0.916,0.12499999999999999,2065,401,2061,4,374,27,0.0
96,Sparse Autoencoder,6,1,1,0.7696674776966748,0.8996262680192205,0.3591905564924115,0.8159806295399515,0.5311720698254364,0.8557643473844591,0.42857142857142855,2065,401,1685,380,188,213,1.0
97,Sparse Autoencoder,7,0,0,0.8373884833738848,0.8373884833738848,0.0,1.0,0.0,0.9114985654380932,0.0,2065,401,2065,0,401,0,0.0
98,Sparse Autoencoder,7,0,1,0.8373884833738848,0.8373884833738848,0.0,1.0,0.0,0.9114985654380932,0.0,2065,401,2065,0,401,0,0.0
99,Sparse Autoencoder,7,1,1,0.8381995133819952,0.8380681818181818,1.0,1.0,0.004987531172069825,0.9119010819165378,0.009925558312655087,2065,401,2065,0,399,2,0.0
100,Sparse Autoencoder,7,1,1,0.7980535279805353,0.8842569887199607,0.3864168618266979,0.8731234866828087,0.4114713216957606,0.8786549707602339,0.3985507246376812,2065,401,1803,262,236,165,1.0
101,Sparse Autoencoder,8,0,0,0.8523925385239254,0.8513011152416357,0.9111111111111111,0.9980629539951574,0.10224438902743142,0.9188586714222023,0.18385650224215244,2065,401,2061,4,360,41,0.0
102,Sparse Autoencoder,8,0,1,0.8523925385239254,0.8513011152416357,0.9111111111111111,0.9980629539951574,0.10224438902743142,0.9188586714222023,0.18385650224215244,2065,401,2061,4,360,41,0.0
103,Sparse Autoencoder,8,1,1,0.8661800486618005,0.8693060876968923,0.8034188034188035,0.988861985472155,0.2344139650872818,0.9252378794743997,0.3629343629343629,2065,401,2042,23,307,94,0.0
104,Sparse Autoencoder,8,1,1,0.8219789132197891,0.9097782258064516,0.4605809128630705,0.87409200968523,0.5536159600997507,0.8915781674487528,0.5028312570781427,2065,401,1805,260,179,222,1.0
105,Sparse Autoencoder,9,0,0,0.8373884833738848,0.8373884833738848,0.0,1.0,0.0,0.9114985654380932,0.0,2065,401,2065,0,401,0,0.0
106,Sparse Autoencoder,9,0,1,0.8373884833738848,0.8373884833738848,0.0,1.0,0.0,0.9114985654380932,0.0,2065,401,2065,0,401,0,0.0
107,Sparse Autoencoder,9,1,1,0.8373884833738848,0.8373884833738848,0.0,1.0,0.0,0.9114985654380932,0.0,2065,401,2065,0,401,0,0.0
108,Sparse Autoencoder,9,1,1,0.6841038118410381,0.8988833746898263,0.2786885245901639,0.7016949152542373,0.5935162094763092,0.7881425074789231,0.37928286852589643,2065,401,1449,616,163,238,1.0
109,Sparse Autoencoder,10,0,0,0.8373884833738848,0.8373884833738848,0.0,1.0,0.0,0.9114985654380932,0.0,2065,401,2065,0,401,0,0.0
110,Sparse Autoencoder,10,0,1,0.8373884833738848,0.8373884833738848,0.0,1.0,0.0,0.9114985654380932,0.0,2065,401,2065,0,401,0,0.0
111,Sparse Autoencoder,10,1,1,0.8369829683698297,0.8373225152129817,0.0,0.9995157384987894,0.0,0.9112582781456954,0.0,2065,401,2064,1,401,0,0.0
112,Sparse Autoencoder,10,1,1,0.5705596107055961,0.8623919308357348,0.19480519480519481,0.5796610169491525,0.5236907730673317,0.6933101650738488,0.283975659229209,2065,401,1197,868,191,210,1.0
113,2DConvolutional Autoencoder,1,0,0,0.8373884833738848,0.8373884833738848,0.0,1.0,0.0,0.9114985654380932,0.0,2065,401,2065,0,401,0,0.0
114,2DConvolutional Autoencoder,1,0,1,0.8373884833738848,0.8373884833738848,0.0,1.0,0.0,0.9114985654380932,0.0,2065,401,2065,0,401,0,0.0
115,2DConvolutional Autoencoder,1,1,1,0.8373884833738848,0.8373884833738848,0.0,1.0,0.0,0.9114985654380932,0.0,2065,401,2065,0,401,0,0.0
116,2DConvolutional Autoencoder,1,1,1,0.7996755879967559,0.837559088955737,0.16546762589928057,0.9438256658595642,0.057356608478802994,0.8875227686703098,0.08518518518518518,2065,401,1949,116,378,23,1.0
117,1DConvolutional Autoencoder,1,0,0,0.8373884833738848,0.8373884833738848,0.0,1.0,0.0,0.9114985654380932,0.0,2065,401,2065,0,401,0,0.0
118,1DConvolutional Autoencoder,1,0,1,0.8373884833738848,0.8373884833738848,0.0,1.0,0.0,0.9114985654380932,0.0,2065,401,2065,0,401,0,0.0
119,1DConvolutional Autoencoder,1,1,1,0.8373884833738848,0.8373884833738848,0.0,1.0,0.0,0.9114985654380932,0.0,2065,401,2065,0,401,0,0.0
120,1DConvolutional Autoencoder,1,1,1,0.5583941605839416,0.859882005899705,0.1900900900900901,0.5646489104116222,0.5261845386533666,0.6816720257234727,0.2792852415618795,2065,401,1166,899,190,211,1.0
121,1DConvolutional Autoencoder,2,0,0,0.8373884833738848,0.8373884833738848,0.0,1.0,0.0,0.9114985654380932,0.0,2065,401,2065,0,401,0,0.0
122,1DConvolutional Autoencoder,2,0,1,0.8373884833738848,0.8373884833738848,0.0,1.0,0.0,0.9114985654380932,0.0,2065,401,2065,0,401,0,0.0
123,1DConvolutional Autoencoder,2,1,1,0.8369829683698297,0.8373225152129817,0.0,0.9995157384987894,0.0,0.9112582781456954,0.0,2065,401,2064,1,401,0,0.0
124,1DConvolutional Autoencoder,2,1,1,0.5948905109489051,0.890190336749634,0.22818181818181818,0.588861985472155,0.6259351620947631,0.7088312445351209,0.3344437041972019,2065,401,1216,849,150,251,1.0
125,1DConvolutional Autoencoder,3,0,0,0.8373884833738848,0.8373884833738848,0.0,1.0,0.0,0.9114985654380932,0.0,2065,401,2065,0,401,0,0.0
126,1DConvolutional Autoencoder,3,0,1,0.8373884833738848,0.8373884833738848,0.0,1.0,0.0,0.9114985654380932,0.0,2065,401,2065,0,401,0,0.0
127,1DConvolutional Autoencoder,3,1,1,0.8373884833738848,0.8373884833738848,0.0,1.0,0.0,0.9114985654380932,0.0,2065,401,2065,0,401,0,0.0
128,1DConvolutional Autoencoder,3,1,1,0.5685320356853204,0.9099099099099099,0.23373493975903614,0.5380145278450363,0.7256857855361596,0.6762020693852709,0.353584447144593,2065,401,1111,954,110,291,1.0
129,1DConvolutional Autoencoder,4,0,0,0.8373884833738848,0.8373884833738848,0.0,1.0,0.0,0.9114985654380932,0.0,2065,401,2065,0,401,0,0.0
130,1DConvolutional Autoencoder,4,0,1,0.8373884833738848,0.8373884833738848,0.0,1.0,0.0,0.9114985654380932,0.0,2065,401,2065,0,401,0,0.0
131,1DConvolutional Autoencoder,4,1,1,0.8373884833738848,0.8373884833738848,0.0,1.0,0.0,0.9114985654380932,0.0,2065,401,2065,0,401,0,0.0
132,1DConvolutional Autoencoder,4,1,1,0.5770478507704785,0.8973561430793157,0.22796610169491524,0.5588377723970944,0.6708229426433915,0.6887496269770218,0.3402909550917141,2065,401,1154,911,132,269,1.0
133,1DConvolutional Autoencoder,5,0,0,0.8373884833738848,0.8373884833738848,0.0,1.0,0.0,0.9114985654380932,0.0,2065,401,2065,0,401,0,0.0
134,1DConvolutional Autoencoder,5,0,1,0.8373884833738848,0.8373884833738848,0.0,1.0,0.0,0.9114985654380932,0.0,2065,401,2065,0,401,0,0.0
135,1DConvolutional Autoencoder,5,1,1,0.8373884833738848,0.8373884833738848,0.0,1.0,0.0,0.9114985654380932,0.0,2065,401,2065,0,401,0,0.0
136,1DConvolutional Autoencoder,5,1,1,0.5506893755068938,0.8831064851881505,0.209531635168447,0.5341404358353511,0.6359102244389028,0.6656608328304164,0.3152039555006181,2065,401,1103,962,146,255,1.0
137,1DConvolutional Autoencoder,6,0,0,0.8373884833738848,0.8373884833738848,0.0,1.0,0.0,0.9114985654380932,0.0,2065,401,2065,0,401,0,0.0
138,1DConvolutional Autoencoder,6,0,1,0.8373884833738848,0.8373884833738848,0.0,1.0,0.0,0.9114985654380932,0.0,2065,401,2065,0,401,0,0.0
139,1DConvolutional Autoencoder,6,1,1,0.8390105433901054,0.838748984565394,1.0,1.0,0.00997506234413965,0.9123039540534571,0.019753086419753086,2065,401,2065,0,397,4,0.0
140,1DConvolutional Autoencoder,6,1,1,0.6192214111922141,0.9115497076023392,0.2550091074681239,0.6038740920096852,0.6982543640897756,0.7264782988639675,0.37358238825883927,2065,401,1247,818,121,280,1.0
141,1DConvolutional Autoencoder,7,0,0,0.8373884833738848,0.8373884833738848,0.0,1.0,0.0,0.9114985654380932,0.0,2065,401,2065,0,401,0,0.0
142,1DConvolutional Autoencoder,7,0,1,0.8373884833738848,0.8373884833738848,0.0,1.0,0.0,0.9114985654380932,0.0,2065,401,2065,0,401,0,0.0
143,1DConvolutional Autoencoder,7,1,1,0.8406326034063261,0.8403908794788274,0.9,0.9995157384987894,0.022443890274314215,0.9130723291307233,0.0437956204379562,2065,401,2064,1,392,9,0.0
144,1DConvolutional Autoencoder,7,1,1,0.597323600973236,0.8994038748137109,0.23665480427046262,0.5845036319612591,0.6633416458852868,0.7085412386263577,0.34885245901639345,2065,401,1207,858,135,266,1.0
145,1DConvolutional Autoencoder,8,0,0,0.8373884833738848,0.8373884833738848,0.0,1.0,0.0,0.9114985654380932,0.0,2065,401,2065,0,401,0,0.0
146,1DConvolutional Autoencoder,8,0,1,0.8373884833738848,0.8373884833738848,0.0,1.0,0.0,0.9114985654380932,0.0,2065,401,2065,0,401,0,0.0
147,1DConvolutional Autoencoder,8,1,1,0.8373884833738848,0.8373884833738848,0.0,1.0,0.0,0.9114985654380932,0.0,2065,401,2065,0,401,0,0.0
148,1DConvolutional Autoencoder,8,1,1,0.6098945660989457,0.9070110701107011,0.24752475247524752,0.5951573849878935,0.685785536159601,0.7187134502923977,0.3637566137566137,2065,401,1229,836,126,275,1.0
149,1DConvolutional Autoencoder,9,0,0,0.8373884833738848,0.8373884833738848,0.0,1.0,0.0,0.9114985654380932,0.0,2065,401,2065,0,401,0,0.0
150,1DConvolutional Autoencoder,9,0,1,0.8373884833738848,0.8373884833738848,0.0,1.0,0.0,0.9114985654380932,0.0,2065,401,2065,0,401,0,0.0
151,1DConvolutional Autoencoder,9,1,1,0.8386050283860503,0.8384084449857897,1.0,1.0,0.007481296758104738,0.9121024734982331,0.014851485148514849,2065,401,2065,0,398,3,0.0
152,1DConvolutional Autoencoder,9,1,1,0.6334144363341444,0.9315985130111524,0.27564674397859057,0.6067796610169491,0.770573566084788,0.7348973607038124,0.4060446780551906,2065,401,1253,812,92,309,1.0
153,1DConvolutional Autoencoder,10,0,0,0.8373884833738848,0.8373884833738848,0.0,1.0,0.0,0.9114985654380932,0.0,2065,401,2065,0,401,0,0.0
154,1DConvolutional Autoencoder,10,0,1,0.8373884833738848,0.8373884833738848,0.0,1.0,0.0,0.9114985654380932,0.0,2065,401,2065,0,401,0,0.0
155,1DConvolutional Autoencoder,10,1,1,0.8373884833738848,0.8373884833738848,0.0,1.0,0.0,0.9114985654380932,0.0,2065,401,2065,0,401,0,0.0
156,1DConvolutional Autoencoder,10,1,1,0.7039740470397404,0.9377049180327869,0.32518597236981933,0.6924939467312349,0.7630922693266833,0.796657381615599,0.4560357675111773,2065,401,1430,635,95,306,1.0
